beta_star,luminosity,luminosity_err
,2.247894656862523e-06,1.8825613299382306e-07
90.0,2.045336113741388e-06,1.8825613299382306e-07
105.0,2.036030385086656e-06,1.8825613299382306e-07
