beta_star,luminosity
,2.247894656862523e-06
90.0,2.0453413413670754e-06
105.0,2.03607011768271e-06
